Coingecko id,Dropstab id
whitebit,whitebit-token
floki,floki-inu
good-person-coin,Good Person Coin
rhinofi,dvf
mars-protocol-a7fcbcfb-fd61-4017-92f0-7ee9f9cc6da3,mars-protocol
grove,grovecoin
rocketx,rocket-vault-rocketx
bitmex-token,bitmex
terra-luna-2,terra2
coredaoorg,core-dao
arpa,arpa-chain
alexgo,alex-lab
choise,choise-com
infinity-pad-2,infinity-pad
deso,bitclout
nitro-cartel,arbitrove-protocol,
sweatcoin,sweat-economy
edu-coin,open-campus
nycccoin,nyccoin
step-app-fitfi,step-app
rainbow-token-2,rbw
flare-networks,flare-network
reef,reef-finance
metavault-trade,metavault trade
mrweb-finance-2,mrweb-finance
concave,concavefi
eusd-27a558b0-8b5b-4225-a614-63539da936f4,eusd-2
pstake-finance,pstake
defi-yield-protocol,dypius
conic-finance,conic
gulfcoin-2,gulf-coin
elrond-erd-2,elrond-erd
kok,kok-coin
mad-meerkat-etf,mad-meerkatetf
mandox-2,mandox
assetmantle,assetMantle
freeway,freeway-token
gearbox,gearbox-protocol
green-satoshi-token,gst
cetus-protocol,cetus-protoco
helio-protocol-hay,helio-protocol
lever,leverfi
trac,trac-ordinals
wifi,wifi-map